{"cameraMode":{"drawMode":0,"name":"Shaded","section":"Shading Mode"},"sceneLighting":true,"audioPlay":false,"sceneViewState":{"m_AlwaysRefresh":false,"showFog":true,"showSkybox":true,"showFlares":true,"showImageEffects":true,"showParticleSystems":true,"showVisualEffectGraphs":true,"m_FxEnabled":true},"in2DMode":false,"pivot":{"x":6.077368259429932,"y":0.5353325605392456,"z":7.622952938079834},"rotation":{"x":0.34719225764274599,"y":0.14074824750423432,"z":-0.052764736115932468,"w":0.9257272481918335},"size":5.4765119552612309,"orthographic":false}