{"cameraMode":{"drawMode":0,"name":"Shaded","section":"Shading Mode"},"sceneLighting":true,"audioPlay":false,"sceneViewState":{"m_AlwaysRefresh":false,"showFog":true,"showSkybox":true,"showFlares":true,"showImageEffects":true,"showParticleSystems":true,"showVisualEffectGraphs":true,"m_FxEnabled":true},"in2DMode":false,"pivot":{"x":6.077368259429932,"y":0.5353325605392456,"z":7.622952938079834},"rotation":{"x":0.3480263352394104,"y":0.041596997529268268,"z":-0.015424785204231739,"w":0.936491072177887},"size":1.876511573791504,"orthographic":false}